relative_path,view,day,piece_id
SIDE VIEW/Day 1/1.jpg,SIDE VIEW,1,1
SIDE VIEW/Day 1/2.jpg,SIDE VIEW,1,2
SIDE VIEW/Day 1/3.jpg,SIDE VIEW,1,3
SIDE VIEW/Day 1/4.jpg,SIDE VIEW,1,4
SIDE VIEW/Day 1/5.jpg,SIDE VIEW,1,5
SIDE VIEW/Day 1/6.jpg,SIDE VIEW,1,6
SIDE VIEW/Day 1/7.jpg,SIDE VIEW,1,7
SIDE VIEW/Day 1/8.jpg,SIDE VIEW,1,8
SIDE VIEW/Day 1/9.jpg,SIDE VIEW,1,9
SIDE VIEW/Day 1/10.jpg,SIDE VIEW,1,10
SIDE VIEW/Day 1/11.jpg,SIDE VIEW,1,11
SIDE VIEW/Day 1/12.jpg,SIDE VIEW,1,12
SIDE VIEW/Day 1/13.jpg,SIDE VIEW,1,13
SIDE VIEW/Day 1/14.jpg,SIDE VIEW,1,14
SIDE VIEW/Day 1/15.jpg,SIDE VIEW,1,15
SIDE VIEW/Day 1/16.jpg,SIDE VIEW,1,16
SIDE VIEW/Day 1/17.jpg,SIDE VIEW,1,17
SIDE VIEW/Day 1/18.jpg,SIDE VIEW,1,18
SIDE VIEW/Day 1/19.jpg,SIDE VIEW,1,19
SIDE VIEW/Day 1/20.jpg,SIDE VIEW,1,20
SIDE VIEW/Day 1/21.jpg,SIDE VIEW,1,21
SIDE VIEW/Day 1/22.jpg,SIDE VIEW,1,22
SIDE VIEW/Day 1/23.jpg,SIDE VIEW,1,23
SIDE VIEW/Day 1/24.jpg,SIDE VIEW,1,24
SIDE VIEW/Day 1/25.jpg,SIDE VIEW,1,25
SIDE VIEW/Day 1/26.jpg,SIDE VIEW,1,26
SIDE VIEW/Day 1/27.jpg,SIDE VIEW,1,27
SIDE VIEW/Day 1/28.jpg,SIDE VIEW,1,28
SIDE VIEW/Day 1/29.jpg,SIDE VIEW,1,29
SIDE VIEW/Day 1/30.jpg,SIDE VIEW,1,30
SIDE VIEW/Day 1/31.jpg,SIDE VIEW,1,31
SIDE VIEW/Day 1/32.jpg,SIDE VIEW,1,32
SIDE VIEW/Day 1/33.jpg,SIDE VIEW,1,33
SIDE VIEW/Day 1/34.jpg,SIDE VIEW,1,34
SIDE VIEW/Day 1/35.jpg,SIDE VIEW,1,35
SIDE VIEW/Day 1/36.jpg,SIDE VIEW,1,36
SIDE VIEW/Day 1/37.jpg,SIDE VIEW,1,37
SIDE VIEW/Day 1/38.jpg,SIDE VIEW,1,38
SIDE VIEW/Day 1/39.jpg,SIDE VIEW,1,39
SIDE VIEW/Day 1/40.jpg,SIDE VIEW,1,40
SIDE VIEW/Day 1/41.jpg,SIDE VIEW,1,41
SIDE VIEW/Day 1/42.jpg,SIDE VIEW,1,42
SIDE VIEW/Day 1/43.jpg,SIDE VIEW,1,43
SIDE VIEW/Day 1/44.jpg,SIDE VIEW,1,44
SIDE VIEW/Day 1/45.jpg,SIDE VIEW,1,45
SIDE VIEW/Day 1/46.jpg,SIDE VIEW,1,46
SIDE VIEW/Day 1/47.jpg,SIDE VIEW,1,47
SIDE VIEW/Day 1/48.jpg,SIDE VIEW,1,48
SIDE VIEW/Day 1/49.jpg,SIDE VIEW,1,49
SIDE VIEW/Day 1/50.jpg,SIDE VIEW,1,50
SIDE VIEW/Day 1/51.jpg,SIDE VIEW,1,51
SIDE VIEW/Day 1/52.jpg,SIDE VIEW,1,52
SIDE VIEW/Day 1/53.jpg,SIDE VIEW,1,53
SIDE VIEW/Day 1/54.jpg,SIDE VIEW,1,54
SIDE VIEW/Day 1/55.jpg,SIDE VIEW,1,55
SIDE VIEW/Day 1/56.jpg,SIDE VIEW,1,56
SIDE VIEW/Day 1/57.jpg,SIDE VIEW,1,57
SIDE VIEW/Day 1/58.jpg,SIDE VIEW,1,58
SIDE VIEW/Day 1/59.jpg,SIDE VIEW,1,59
SIDE VIEW/Day 1/60.jpg,SIDE VIEW,1,60
SIDE VIEW/Day 1/61.jpg,SIDE VIEW,1,61
SIDE VIEW/Day 1/62.jpg,SIDE VIEW,1,62
SIDE VIEW/Day 1/63.jpg,SIDE VIEW,1,63
SIDE VIEW/Day 1/64.jpg,SIDE VIEW,1,64
SIDE VIEW/Day 1/65.jpg,SIDE VIEW,1,65
SIDE VIEW/Day 1/66.jpg,SIDE VIEW,1,66
SIDE VIEW/Day 1/67.jpg,SIDE VIEW,1,67
SIDE VIEW/Day 1/68.jpg,SIDE VIEW,1,68
SIDE VIEW/Day 1/69.jpg,SIDE VIEW,1,69
SIDE VIEW/Day 1/70.jpg,SIDE VIEW,1,70
SIDE VIEW/Day 1/71.jpg,SIDE VIEW,1,71
SIDE VIEW/Day 1/72.jpg,SIDE VIEW,1,72
SIDE VIEW/Day 1/73.jpg,SIDE VIEW,1,73
SIDE VIEW/Day 1/74.jpg,SIDE VIEW,1,74
SIDE VIEW/Day 1/75.jpg,SIDE VIEW,1,75
SIDE VIEW/Day 1/76.jpg,SIDE VIEW,1,76
SIDE VIEW/Day 1/77.jpg,SIDE VIEW,1,77
SIDE VIEW/Day 1/78.jpg,SIDE VIEW,1,78
SIDE VIEW/Day 1/79.jpg,SIDE VIEW,1,79
SIDE VIEW/Day 1/80.jpg,SIDE VIEW,1,80
SIDE VIEW/Day 1/81.jpg,SIDE VIEW,1,81
SIDE VIEW/Day 1/82.jpg,SIDE VIEW,1,82
SIDE VIEW/Day 2/1.jpg,SIDE VIEW,2,1
SIDE VIEW/Day 2/2.jpg,SIDE VIEW,2,2
SIDE VIEW/Day 2/3.jpg,SIDE VIEW,2,3
SIDE VIEW/Day 2/4.jpg,SIDE VIEW,2,4
SIDE VIEW/Day 2/5.jpg,SIDE VIEW,2,5
SIDE VIEW/Day 2/6.jpg,SIDE VIEW,2,6
SIDE VIEW/Day 2/7.jpg,SIDE VIEW,2,7
SIDE VIEW/Day 2/8.jpg,SIDE VIEW,2,8
SIDE VIEW/Day 2/9.jpg,SIDE VIEW,2,9
SIDE VIEW/Day 2/10.jpg,SIDE VIEW,2,10
SIDE VIEW/Day 2/11.jpg,SIDE VIEW,2,11
SIDE VIEW/Day 2/12.jpg,SIDE VIEW,2,12
SIDE VIEW/Day 2/13.jpg,SIDE VIEW,2,13
SIDE VIEW/Day 2/14.jpg,SIDE VIEW,2,14
SIDE VIEW/Day 2/15.jpg,SIDE VIEW,2,15
SIDE VIEW/Day 2/16.jpg,SIDE VIEW,2,16
SIDE VIEW/Day 2/17.jpg,SIDE VIEW,2,17
SIDE VIEW/Day 2/18.jpg,SIDE VIEW,2,18
SIDE VIEW/Day 2/19.jpg,SIDE VIEW,2,19
SIDE VIEW/Day 2/20.jpg,SIDE VIEW,2,20
SIDE VIEW/Day 2/21.jpg,SIDE VIEW,2,21
SIDE VIEW/Day 2/22.jpg,SIDE VIEW,2,22
SIDE VIEW/Day 2/23.jpg,SIDE VIEW,2,23
SIDE VIEW/Day 2/24.jpg,SIDE VIEW,2,24
SIDE VIEW/Day 2/25.jpg,SIDE VIEW,2,25
SIDE VIEW/Day 2/26.jpg,SIDE VIEW,2,26
SIDE VIEW/Day 2/27.jpg,SIDE VIEW,2,27
SIDE VIEW/Day 2/28.jpg,SIDE VIEW,2,28
SIDE VIEW/Day 2/29.jpg,SIDE VIEW,2,29
SIDE VIEW/Day 2/30.jpg,SIDE VIEW,2,30
SIDE VIEW/Day 2/31.jpg,SIDE VIEW,2,31
SIDE VIEW/Day 2/32.jpg,SIDE VIEW,2,32
SIDE VIEW/Day 2/33.jpg,SIDE VIEW,2,33
SIDE VIEW/Day 2/34.jpg,SIDE VIEW,2,34
SIDE VIEW/Day 2/35.jpg,SIDE VIEW,2,35
SIDE VIEW/Day 2/36.jpg,SIDE VIEW,2,36
SIDE VIEW/Day 2/37.jpg,SIDE VIEW,2,37
SIDE VIEW/Day 2/38.jpg,SIDE VIEW,2,38
SIDE VIEW/Day 2/39.jpg,SIDE VIEW,2,39
SIDE VIEW/Day 2/40.jpg,SIDE VIEW,2,40
SIDE VIEW/Day 2/41.jpg,SIDE VIEW,2,41
SIDE VIEW/Day 2/42.jpg,SIDE VIEW,2,42
SIDE VIEW/Day 2/43.jpg,SIDE VIEW,2,43
SIDE VIEW/Day 2/44.jpg,SIDE VIEW,2,44
SIDE VIEW/Day 2/45.jpg,SIDE VIEW,2,45
SIDE VIEW/Day 2/46.jpg,SIDE VIEW,2,46
SIDE VIEW/Day 2/47.jpg,SIDE VIEW,2,47
SIDE VIEW/Day 2/48.jpg,SIDE VIEW,2,48
SIDE VIEW/Day 2/49.jpg,SIDE VIEW,2,49
SIDE VIEW/Day 2/50.jpg,SIDE VIEW,2,50
SIDE VIEW/Day 2/51.jpg,SIDE VIEW,2,51
SIDE VIEW/Day 2/52.jpg,SIDE VIEW,2,52
SIDE VIEW/Day 2/53.jpg,SIDE VIEW,2,53
SIDE VIEW/Day 2/54.jpg,SIDE VIEW,2,54
SIDE VIEW/Day 2/55.jpg,SIDE VIEW,2,55
SIDE VIEW/Day 2/56.jpg,SIDE VIEW,2,56
SIDE VIEW/Day 2/57.jpg,SIDE VIEW,2,57
SIDE VIEW/Day 2/58.jpg,SIDE VIEW,2,58
SIDE VIEW/Day 2/59.jpg,SIDE VIEW,2,59
SIDE VIEW/Day 2/60.jpg,SIDE VIEW,2,60
SIDE VIEW/Day 2/61.jpg,SIDE VIEW,2,61
SIDE VIEW/Day 2/62.jpg,SIDE VIEW,2,62
SIDE VIEW/Day 2/63.jpg,SIDE VIEW,2,63
SIDE VIEW/Day 2/64.jpg,SIDE VIEW,2,64
SIDE VIEW/Day 2/65.jpg,SIDE VIEW,2,65
SIDE VIEW/Day 2/66.jpg,SIDE VIEW,2,66
SIDE VIEW/Day 2/67.jpg,SIDE VIEW,2,67
SIDE VIEW/Day 2/68.jpg,SIDE VIEW,2,68
SIDE VIEW/Day 2/69.jpg,SIDE VIEW,2,69
SIDE VIEW/Day 2/70.jpg,SIDE VIEW,2,70
SIDE VIEW/Day 2/71.jpg,SIDE VIEW,2,71
SIDE VIEW/Day 2/72.jpg,SIDE VIEW,2,72
SIDE VIEW/Day 2/73.jpg,SIDE VIEW,2,73
SIDE VIEW/Day 2/74.jpg,SIDE VIEW,2,74
SIDE VIEW/Day 2/75.jpg,SIDE VIEW,2,75
SIDE VIEW/Day 2/76.jpg,SIDE VIEW,2,76
SIDE VIEW/Day 2/77.jpg,SIDE VIEW,2,77
SIDE VIEW/Day 2/78.jpg,SIDE VIEW,2,78
SIDE VIEW/Day 2/79.jpg,SIDE VIEW,2,79
SIDE VIEW/Day 2/80.jpg,SIDE VIEW,2,80
SIDE VIEW/Day 2/81.jpg,SIDE VIEW,2,81
SIDE VIEW/Day 2/82.jpg,SIDE VIEW,2,82
SIDE VIEW/Day 3/1.jpg,SIDE VIEW,3,1
SIDE VIEW/Day 3/2.jpg,SIDE VIEW,3,2
SIDE VIEW/Day 3/3.jpg,SIDE VIEW,3,3
SIDE VIEW/Day 3/4.jpg,SIDE VIEW,3,4
SIDE VIEW/Day 3/5.jpg,SIDE VIEW,3,5
SIDE VIEW/Day 3/6.jpg,SIDE VIEW,3,6
SIDE VIEW/Day 3/7.jpg,SIDE VIEW,3,7
SIDE VIEW/Day 3/8.jpg,SIDE VIEW,3,8
SIDE VIEW/Day 3/9.jpg,SIDE VIEW,3,9
SIDE VIEW/Day 3/10.jpg,SIDE VIEW,3,10
SIDE VIEW/Day 3/11.jpg,SIDE VIEW,3,11
SIDE VIEW/Day 3/12.jpg,SIDE VIEW,3,12
SIDE VIEW/Day 3/13.jpg,SIDE VIEW,3,13
SIDE VIEW/Day 3/14.jpg,SIDE VIEW,3,14
SIDE VIEW/Day 3/15.jpg,SIDE VIEW,3,15
SIDE VIEW/Day 3/16.jpg,SIDE VIEW,3,16
SIDE VIEW/Day 3/17.jpg,SIDE VIEW,3,17
SIDE VIEW/Day 3/18.jpg,SIDE VIEW,3,18
SIDE VIEW/Day 3/19.jpg,SIDE VIEW,3,19
SIDE VIEW/Day 3/20.jpg,SIDE VIEW,3,20
SIDE VIEW/Day 3/21.jpg,SIDE VIEW,3,21
SIDE VIEW/Day 3/22.jpg,SIDE VIEW,3,22
SIDE VIEW/Day 3/23.jpg,SIDE VIEW,3,23
SIDE VIEW/Day 3/24.jpg,SIDE VIEW,3,24
SIDE VIEW/Day 3/25.jpg,SIDE VIEW,3,25
SIDE VIEW/Day 3/26.jpg,SIDE VIEW,3,26
SIDE VIEW/Day 3/27.jpg,SIDE VIEW,3,27
SIDE VIEW/Day 3/28.jpg,SIDE VIEW,3,28
SIDE VIEW/Day 3/29.jpg,SIDE VIEW,3,29
SIDE VIEW/Day 3/30.jpg,SIDE VIEW,3,30
SIDE VIEW/Day 3/31.jpg,SIDE VIEW,3,31
SIDE VIEW/Day 3/32.jpg,SIDE VIEW,3,32
SIDE VIEW/Day 3/33.jpg,SIDE VIEW,3,33
SIDE VIEW/Day 3/34.jpg,SIDE VIEW,3,34
SIDE VIEW/Day 3/35.jpg,SIDE VIEW,3,35
SIDE VIEW/Day 3/36.jpg,SIDE VIEW,3,36
SIDE VIEW/Day 3/37.jpg,SIDE VIEW,3,37
SIDE VIEW/Day 3/38.jpg,SIDE VIEW,3,38
SIDE VIEW/Day 3/39.jpg,SIDE VIEW,3,39
SIDE VIEW/Day 3/40.jpg,SIDE VIEW,3,40
SIDE VIEW/Day 3/41.jpg,SIDE VIEW,3,41
SIDE VIEW/Day 3/42.jpg,SIDE VIEW,3,42
SIDE VIEW/Day 3/43.jpg,SIDE VIEW,3,43
SIDE VIEW/Day 3/44.jpg,SIDE VIEW,3,44
SIDE VIEW/Day 3/45.jpg,SIDE VIEW,3,45
SIDE VIEW/Day 3/46.jpg,SIDE VIEW,3,46
SIDE VIEW/Day 3/47.jpg,SIDE VIEW,3,47
SIDE VIEW/Day 3/48.jpg,SIDE VIEW,3,48
SIDE VIEW/Day 3/49.jpg,SIDE VIEW,3,49
SIDE VIEW/Day 3/50.jpg,SIDE VIEW,3,50
SIDE VIEW/Day 3/51.jpg,SIDE VIEW,3,51
SIDE VIEW/Day 3/52.jpg,SIDE VIEW,3,52
SIDE VIEW/Day 3/53.jpg,SIDE VIEW,3,53
SIDE VIEW/Day 3/54.jpg,SIDE VIEW,3,54
SIDE VIEW/Day 3/55.jpg,SIDE VIEW,3,55
SIDE VIEW/Day 3/56.jpg,SIDE VIEW,3,56
SIDE VIEW/Day 3/57.jpg,SIDE VIEW,3,57
SIDE VIEW/Day 3/58.jpg,SIDE VIEW,3,58
SIDE VIEW/Day 3/59.jpg,SIDE VIEW,3,59
SIDE VIEW/Day 3/60.jpg,SIDE VIEW,3,60
SIDE VIEW/Day 3/61.jpg,SIDE VIEW,3,61
SIDE VIEW/Day 3/62.jpg,SIDE VIEW,3,62
SIDE VIEW/Day 3/63.jpg,SIDE VIEW,3,63
SIDE VIEW/Day 3/64.jpg,SIDE VIEW,3,64
SIDE VIEW/Day 3/65.jpg,SIDE VIEW,3,65
SIDE VIEW/Day 3/66.jpg,SIDE VIEW,3,66
SIDE VIEW/Day 3/67.jpg,SIDE VIEW,3,67
SIDE VIEW/Day 3/68.jpg,SIDE VIEW,3,68
SIDE VIEW/Day 3/69.jpg,SIDE VIEW,3,69
SIDE VIEW/Day 3/70.jpg,SIDE VIEW,3,70
SIDE VIEW/Day 3/71.jpg,SIDE VIEW,3,71
SIDE VIEW/Day 3/72.jpg,SIDE VIEW,3,72
SIDE VIEW/Day 3/73.jpg,SIDE VIEW,3,73
SIDE VIEW/Day 3/74.jpg,SIDE VIEW,3,74
SIDE VIEW/Day 3/75.jpg,SIDE VIEW,3,75
SIDE VIEW/Day 3/76.jpg,SIDE VIEW,3,76
SIDE VIEW/Day 3/77.jpg,SIDE VIEW,3,77
SIDE VIEW/Day 3/78.jpg,SIDE VIEW,3,78
SIDE VIEW/Day 3/79.jpg,SIDE VIEW,3,79
SIDE VIEW/Day 3/80.jpg,SIDE VIEW,3,80
SIDE VIEW/Day 3/81.jpg,SIDE VIEW,3,81
SIDE VIEW/Day 3/82.jpg,SIDE VIEW,3,82
SIDE VIEW/Day 4/1.jpg,SIDE VIEW,4,1
SIDE VIEW/Day 4/2.jpg,SIDE VIEW,4,2
SIDE VIEW/Day 4/3.jpg,SIDE VIEW,4,3
SIDE VIEW/Day 4/4.jpg,SIDE VIEW,4,4
SIDE VIEW/Day 4/5.jpg,SIDE VIEW,4,5
SIDE VIEW/Day 4/6.jpg,SIDE VIEW,4,6
SIDE VIEW/Day 4/7.jpg,SIDE VIEW,4,7
SIDE VIEW/Day 4/8.jpg,SIDE VIEW,4,8
SIDE VIEW/Day 4/9.jpg,SIDE VIEW,4,9
SIDE VIEW/Day 4/10.jpg,SIDE VIEW,4,10
SIDE VIEW/Day 4/11.jpg,SIDE VIEW,4,11
SIDE VIEW/Day 4/12.jpg,SIDE VIEW,4,12
SIDE VIEW/Day 4/13.jpg,SIDE VIEW,4,13
SIDE VIEW/Day 4/14.jpg,SIDE VIEW,4,14
SIDE VIEW/Day 4/15.jpg,SIDE VIEW,4,15
SIDE VIEW/Day 4/16.jpg,SIDE VIEW,4,16
SIDE VIEW/Day 4/17.jpg,SIDE VIEW,4,17
SIDE VIEW/Day 4/18.jpg,SIDE VIEW,4,18
SIDE VIEW/Day 4/19.jpg,SIDE VIEW,4,19
SIDE VIEW/Day 4/20.jpg,SIDE VIEW,4,20
SIDE VIEW/Day 4/21.jpg,SIDE VIEW,4,21
SIDE VIEW/Day 4/22.jpg,SIDE VIEW,4,22
SIDE VIEW/Day 4/23.jpg,SIDE VIEW,4,23
SIDE VIEW/Day 4/24.jpg,SIDE VIEW,4,24
SIDE VIEW/Day 4/25.jpg,SIDE VIEW,4,25
SIDE VIEW/Day 4/26.jpg,SIDE VIEW,4,26
SIDE VIEW/Day 4/27.jpg,SIDE VIEW,4,27
SIDE VIEW/Day 4/28.jpg,SIDE VIEW,4,28
SIDE VIEW/Day 4/29.jpg,SIDE VIEW,4,29
SIDE VIEW/Day 4/30.jpg,SIDE VIEW,4,30
SIDE VIEW/Day 4/31.jpg,SIDE VIEW,4,31
SIDE VIEW/Day 4/32.jpg,SIDE VIEW,4,32
SIDE VIEW/Day 4/33.jpg,SIDE VIEW,4,33
SIDE VIEW/Day 4/34.jpg,SIDE VIEW,4,34
SIDE VIEW/Day 4/35.jpg,SIDE VIEW,4,35
SIDE VIEW/Day 4/36.jpg,SIDE VIEW,4,36
SIDE VIEW/Day 4/37.jpg,SIDE VIEW,4,37
SIDE VIEW/Day 4/38.jpg,SIDE VIEW,4,38
SIDE VIEW/Day 4/39.jpg,SIDE VIEW,4,39
SIDE VIEW/Day 4/40.jpg,SIDE VIEW,4,40
SIDE VIEW/Day 4/41.jpg,SIDE VIEW,4,41
SIDE VIEW/Day 4/42.jpg,SIDE VIEW,4,42
SIDE VIEW/Day 4/43.jpg,SIDE VIEW,4,43
SIDE VIEW/Day 4/44.jpg,SIDE VIEW,4,44
SIDE VIEW/Day 4/45.jpg,SIDE VIEW,4,45
SIDE VIEW/Day 4/46.jpg,SIDE VIEW,4,46
SIDE VIEW/Day 4/47.jpg,SIDE VIEW,4,47
SIDE VIEW/Day 4/48.jpg,SIDE VIEW,4,48
SIDE VIEW/Day 4/49.jpg,SIDE VIEW,4,49
SIDE VIEW/Day 4/50.jpg,SIDE VIEW,4,50
SIDE VIEW/Day 4/51.jpg,SIDE VIEW,4,51
SIDE VIEW/Day 4/52.jpg,SIDE VIEW,4,52
SIDE VIEW/Day 4/53.jpg,SIDE VIEW,4,53
SIDE VIEW/Day 4/54.jpg,SIDE VIEW,4,54
SIDE VIEW/Day 4/55.jpg,SIDE VIEW,4,55
SIDE VIEW/Day 4/56.jpg,SIDE VIEW,4,56
SIDE VIEW/Day 4/57.jpg,SIDE VIEW,4,57
SIDE VIEW/Day 4/58.jpg,SIDE VIEW,4,58
SIDE VIEW/Day 4/59.jpg,SIDE VIEW,4,59
SIDE VIEW/Day 4/60.jpg,SIDE VIEW,4,60
SIDE VIEW/Day 4/61.jpg,SIDE VIEW,4,61
SIDE VIEW/Day 4/62.jpg,SIDE VIEW,4,62
SIDE VIEW/Day 4/63.jpg,SIDE VIEW,4,63
SIDE VIEW/Day 4/64.jpg,SIDE VIEW,4,64
SIDE VIEW/Day 4/65.jpg,SIDE VIEW,4,65
SIDE VIEW/Day 4/66.jpg,SIDE VIEW,4,66
SIDE VIEW/Day 4/67.jpg,SIDE VIEW,4,67
SIDE VIEW/Day 4/68.jpg,SIDE VIEW,4,68
SIDE VIEW/Day 4/69.jpg,SIDE VIEW,4,69
SIDE VIEW/Day 4/70.jpg,SIDE VIEW,4,70
SIDE VIEW/Day 4/71.jpg,SIDE VIEW,4,71
SIDE VIEW/Day 4/72.jpg,SIDE VIEW,4,72
SIDE VIEW/Day 4/73.jpg,SIDE VIEW,4,73
SIDE VIEW/Day 4/74.jpg,SIDE VIEW,4,74
SIDE VIEW/Day 4/75.jpg,SIDE VIEW,4,75
SIDE VIEW/Day 4/76.jpg,SIDE VIEW,4,76
SIDE VIEW/Day 4/77.jpg,SIDE VIEW,4,77
SIDE VIEW/Day 4/78.jpg,SIDE VIEW,4,78
SIDE VIEW/Day 4/79.jpg,SIDE VIEW,4,79
SIDE VIEW/Day 4/80.jpg,SIDE VIEW,4,80
SIDE VIEW/Day 4/81.jpg,SIDE VIEW,4,81
SIDE VIEW/Day 4/82.jpg,SIDE VIEW,4,82
SIDE VIEW/Day 5/1.jpg,SIDE VIEW,5,1
SIDE VIEW/Day 5/2.jpg,SIDE VIEW,5,2
SIDE VIEW/Day 5/3.jpg,SIDE VIEW,5,3
SIDE VIEW/Day 5/4.jpg,SIDE VIEW,5,4
SIDE VIEW/Day 5/5.jpg,SIDE VIEW,5,5
SIDE VIEW/Day 5/6.jpg,SIDE VIEW,5,6
SIDE VIEW/Day 5/7.jpg,SIDE VIEW,5,7
SIDE VIEW/Day 5/8.jpg,SIDE VIEW,5,8
SIDE VIEW/Day 5/9.jpg,SIDE VIEW,5,9
SIDE VIEW/Day 5/10.jpg,SIDE VIEW,5,10
SIDE VIEW/Day 5/11.jpg,SIDE VIEW,5,11
SIDE VIEW/Day 5/12.jpg,SIDE VIEW,5,12
SIDE VIEW/Day 5/13.jpg,SIDE VIEW,5,13
SIDE VIEW/Day 5/14.jpg,SIDE VIEW,5,14
SIDE VIEW/Day 5/15.jpg,SIDE VIEW,5,15
SIDE VIEW/Day 5/16.jpg,SIDE VIEW,5,16
SIDE VIEW/Day 5/17.jpg,SIDE VIEW,5,17
SIDE VIEW/Day 5/18.jpg,SIDE VIEW,5,18
SIDE VIEW/Day 5/19.jpg,SIDE VIEW,5,19
SIDE VIEW/Day 5/20.jpg,SIDE VIEW,5,20
SIDE VIEW/Day 5/21.jpg,SIDE VIEW,5,21
SIDE VIEW/Day 5/22.jpg,SIDE VIEW,5,22
SIDE VIEW/Day 5/23.jpg,SIDE VIEW,5,23
SIDE VIEW/Day 5/24.jpg,SIDE VIEW,5,24
SIDE VIEW/Day 5/25.jpg,SIDE VIEW,5,25
SIDE VIEW/Day 5/26.jpg,SIDE VIEW,5,26
SIDE VIEW/Day 5/27.jpg,SIDE VIEW,5,27
SIDE VIEW/Day 5/28.jpg,SIDE VIEW,5,28
SIDE VIEW/Day 5/29.jpg,SIDE VIEW,5,29
SIDE VIEW/Day 5/30.jpg,SIDE VIEW,5,30
SIDE VIEW/Day 5/31.jpg,SIDE VIEW,5,31
SIDE VIEW/Day 5/32.jpg,SIDE VIEW,5,32
SIDE VIEW/Day 5/33.jpg,SIDE VIEW,5,33
SIDE VIEW/Day 5/34.jpg,SIDE VIEW,5,34
SIDE VIEW/Day 5/35.jpg,SIDE VIEW,5,35
SIDE VIEW/Day 5/36.jpg,SIDE VIEW,5,36
SIDE VIEW/Day 5/37.jpg,SIDE VIEW,5,37
SIDE VIEW/Day 5/38.jpg,SIDE VIEW,5,38
SIDE VIEW/Day 5/39.jpg,SIDE VIEW,5,39
SIDE VIEW/Day 5/40.jpg,SIDE VIEW,5,40
SIDE VIEW/Day 5/41.jpg,SIDE VIEW,5,41
SIDE VIEW/Day 5/42.jpg,SIDE VIEW,5,42
SIDE VIEW/Day 5/43.jpg,SIDE VIEW,5,43
SIDE VIEW/Day 5/44.jpg,SIDE VIEW,5,44
SIDE VIEW/Day 5/45.jpg,SIDE VIEW,5,45
SIDE VIEW/Day 5/46.jpg,SIDE VIEW,5,46
SIDE VIEW/Day 5/47.jpg,SIDE VIEW,5,47
SIDE VIEW/Day 5/48.jpg,SIDE VIEW,5,48
SIDE VIEW/Day 5/49.jpg,SIDE VIEW,5,49
SIDE VIEW/Day 5/50.jpg,SIDE VIEW,5,50
SIDE VIEW/Day 5/51.jpg,SIDE VIEW,5,51
SIDE VIEW/Day 5/52.jpg,SIDE VIEW,5,52
SIDE VIEW/Day 5/53.jpg,SIDE VIEW,5,53
SIDE VIEW/Day 5/54.jpg,SIDE VIEW,5,54
SIDE VIEW/Day 5/55.jpg,SIDE VIEW,5,55
SIDE VIEW/Day 5/56.jpg,SIDE VIEW,5,56
SIDE VIEW/Day 5/57.jpg,SIDE VIEW,5,57
SIDE VIEW/Day 5/58.jpg,SIDE VIEW,5,58
SIDE VIEW/Day 5/59.jpg,SIDE VIEW,5,59
SIDE VIEW/Day 5/60.jpg,SIDE VIEW,5,60
SIDE VIEW/Day 5/61.jpg,SIDE VIEW,5,61
SIDE VIEW/Day 5/62.jpg,SIDE VIEW,5,62
SIDE VIEW/Day 5/63.jpg,SIDE VIEW,5,63
SIDE VIEW/Day 5/64.jpg,SIDE VIEW,5,64
SIDE VIEW/Day 5/65.jpg,SIDE VIEW,5,65
SIDE VIEW/Day 5/66.jpg,SIDE VIEW,5,66
SIDE VIEW/Day 5/67.jpg,SIDE VIEW,5,67
SIDE VIEW/Day 5/68.jpg,SIDE VIEW,5,68
SIDE VIEW/Day 5/69.jpg,SIDE VIEW,5,69
SIDE VIEW/Day 5/70.jpg,SIDE VIEW,5,70
SIDE VIEW/Day 5/71.jpg,SIDE VIEW,5,71
SIDE VIEW/Day 5/72.jpg,SIDE VIEW,5,72
SIDE VIEW/Day 5/73.jpg,SIDE VIEW,5,73
SIDE VIEW/Day 5/74.jpg,SIDE VIEW,5,74
SIDE VIEW/Day 5/75.jpg,SIDE VIEW,5,75
SIDE VIEW/Day 5/76.jpg,SIDE VIEW,5,76
SIDE VIEW/Day 5/77.jpg,SIDE VIEW,5,77
SIDE VIEW/Day 5/78.jpg,SIDE VIEW,5,78
SIDE VIEW/Day 5/79.jpg,SIDE VIEW,5,79
SIDE VIEW/Day 5/80.jpg,SIDE VIEW,5,80
SIDE VIEW/Day 5/81.jpg,SIDE VIEW,5,81
SIDE VIEW/Day 5/82.jpg,SIDE VIEW,5,82
SIDE VIEW/Day 6/1.jpg,SIDE VIEW,6,1
SIDE VIEW/Day 6/2.jpg,SIDE VIEW,6,2
SIDE VIEW/Day 6/3.jpg,SIDE VIEW,6,3
SIDE VIEW/Day 6/4.jpg,SIDE VIEW,6,4
SIDE VIEW/Day 6/5.jpg,SIDE VIEW,6,5
SIDE VIEW/Day 6/6.jpg,SIDE VIEW,6,6
SIDE VIEW/Day 6/7.jpg,SIDE VIEW,6,7
SIDE VIEW/Day 6/8.jpg,SIDE VIEW,6,8
SIDE VIEW/Day 6/9.jpg,SIDE VIEW,6,9
SIDE VIEW/Day 6/10.jpg,SIDE VIEW,6,10
SIDE VIEW/Day 6/11.jpg,SIDE VIEW,6,11
SIDE VIEW/Day 6/12.jpg,SIDE VIEW,6,12
SIDE VIEW/Day 6/13.jpg,SIDE VIEW,6,13
SIDE VIEW/Day 6/14.jpg,SIDE VIEW,6,14
SIDE VIEW/Day 6/15.jpg,SIDE VIEW,6,15
SIDE VIEW/Day 6/16.jpg,SIDE VIEW,6,16
SIDE VIEW/Day 6/17.jpg,SIDE VIEW,6,17
SIDE VIEW/Day 6/18.jpg,SIDE VIEW,6,18
SIDE VIEW/Day 6/19.jpg,SIDE VIEW,6,19
SIDE VIEW/Day 6/20.jpg,SIDE VIEW,6,20
SIDE VIEW/Day 6/21.jpg,SIDE VIEW,6,21
SIDE VIEW/Day 6/22.jpg,SIDE VIEW,6,22
SIDE VIEW/Day 6/23.jpg,SIDE VIEW,6,23
SIDE VIEW/Day 6/24.jpg,SIDE VIEW,6,24
SIDE VIEW/Day 6/25.jpg,SIDE VIEW,6,25
SIDE VIEW/Day 6/26.jpg,SIDE VIEW,6,26
SIDE VIEW/Day 6/27.jpg,SIDE VIEW,6,27
SIDE VIEW/Day 6/28.jpg,SIDE VIEW,6,28
SIDE VIEW/Day 6/29.jpg,SIDE VIEW,6,29
SIDE VIEW/Day 6/30.jpg,SIDE VIEW,6,30
SIDE VIEW/Day 6/31.jpg,SIDE VIEW,6,31
SIDE VIEW/Day 6/32.jpg,SIDE VIEW,6,32
SIDE VIEW/Day 6/33.jpg,SIDE VIEW,6,33
SIDE VIEW/Day 6/34.jpg,SIDE VIEW,6,34
SIDE VIEW/Day 6/35.jpg,SIDE VIEW,6,35
SIDE VIEW/Day 6/36.jpg,SIDE VIEW,6,36
SIDE VIEW/Day 6/37.jpg,SIDE VIEW,6,37
SIDE VIEW/Day 6/38.jpg,SIDE VIEW,6,38
SIDE VIEW/Day 6/39.jpg,SIDE VIEW,6,39
SIDE VIEW/Day 6/40.jpg,SIDE VIEW,6,40
SIDE VIEW/Day 6/41.jpg,SIDE VIEW,6,41
SIDE VIEW/Day 6/42.jpg,SIDE VIEW,6,42
SIDE VIEW/Day 6/43.jpg,SIDE VIEW,6,43
SIDE VIEW/Day 6/44.jpg,SIDE VIEW,6,44
SIDE VIEW/Day 6/45.jpg,SIDE VIEW,6,45
SIDE VIEW/Day 6/46.jpg,SIDE VIEW,6,46
SIDE VIEW/Day 6/47.jpg,SIDE VIEW,6,47
SIDE VIEW/Day 6/48.jpg,SIDE VIEW,6,48
SIDE VIEW/Day 6/49.jpg,SIDE VIEW,6,49
SIDE VIEW/Day 6/50.jpg,SIDE VIEW,6,50
SIDE VIEW/Day 6/51.jpg,SIDE VIEW,6,51
SIDE VIEW/Day 6/52.jpg,SIDE VIEW,6,52
SIDE VIEW/Day 6/53.jpg,SIDE VIEW,6,53
SIDE VIEW/Day 6/54.jpg,SIDE VIEW,6,54
SIDE VIEW/Day 6/55.jpg,SIDE VIEW,6,55
SIDE VIEW/Day 6/56.jpg,SIDE VIEW,6,56
SIDE VIEW/Day 6/57.jpg,SIDE VIEW,6,57
SIDE VIEW/Day 6/58.jpg,SIDE VIEW,6,58
SIDE VIEW/Day 6/59.jpg,SIDE VIEW,6,59
SIDE VIEW/Day 6/60.jpg,SIDE VIEW,6,60
SIDE VIEW/Day 6/61.jpg,SIDE VIEW,6,61
SIDE VIEW/Day 6/62.jpg,SIDE VIEW,6,62
SIDE VIEW/Day 6/63.jpg,SIDE VIEW,6,63
SIDE VIEW/Day 6/64.jpg,SIDE VIEW,6,64
SIDE VIEW/Day 6/65.jpg,SIDE VIEW,6,65
SIDE VIEW/Day 6/66.jpg,SIDE VIEW,6,66
SIDE VIEW/Day 6/67.jpg,SIDE VIEW,6,67
SIDE VIEW/Day 6/68.jpg,SIDE VIEW,6,68
SIDE VIEW/Day 6/69.jpg,SIDE VIEW,6,69
SIDE VIEW/Day 6/70.jpg,SIDE VIEW,6,70
SIDE VIEW/Day 6/71.jpg,SIDE VIEW,6,71
SIDE VIEW/Day 6/72.jpg,SIDE VIEW,6,72
SIDE VIEW/Day 6/73.jpg,SIDE VIEW,6,73
SIDE VIEW/Day 6/74.jpg,SIDE VIEW,6,74
SIDE VIEW/Day 6/75.jpg,SIDE VIEW,6,75
SIDE VIEW/Day 6/76.jpg,SIDE VIEW,6,76
SIDE VIEW/Day 6/77.jpg,SIDE VIEW,6,77
SIDE VIEW/Day 6/78.jpg,SIDE VIEW,6,78
SIDE VIEW/Day 6/79.jpg,SIDE VIEW,6,79
SIDE VIEW/Day 6/80.jpg,SIDE VIEW,6,80
SIDE VIEW/Day 6/81.jpg,SIDE VIEW,6,81
SIDE VIEW/Day 6/82.jpg,SIDE VIEW,6,82
SIDE VIEW/Day 7/1.jpg,SIDE VIEW,7,1
SIDE VIEW/Day 7/2.jpg,SIDE VIEW,7,2
SIDE VIEW/Day 7/3.jpg,SIDE VIEW,7,3
SIDE VIEW/Day 7/4.jpg,SIDE VIEW,7,4
SIDE VIEW/Day 7/5.jpg,SIDE VIEW,7,5
SIDE VIEW/Day 7/6.jpg,SIDE VIEW,7,6
SIDE VIEW/Day 7/7.jpg,SIDE VIEW,7,7
SIDE VIEW/Day 7/8.jpg,SIDE VIEW,7,8
SIDE VIEW/Day 7/9.jpg,SIDE VIEW,7,9
SIDE VIEW/Day 7/10.jpg,SIDE VIEW,7,10
SIDE VIEW/Day 7/11.jpg,SIDE VIEW,7,11
SIDE VIEW/Day 7/12.jpg,SIDE VIEW,7,12
SIDE VIEW/Day 7/13.jpg,SIDE VIEW,7,13
SIDE VIEW/Day 7/14.jpg,SIDE VIEW,7,14
SIDE VIEW/Day 7/15.jpg,SIDE VIEW,7,15
SIDE VIEW/Day 7/16.jpg,SIDE VIEW,7,16
SIDE VIEW/Day 7/17.jpg,SIDE VIEW,7,17
SIDE VIEW/Day 7/18.jpg,SIDE VIEW,7,18
SIDE VIEW/Day 7/19.jpg,SIDE VIEW,7,19
SIDE VIEW/Day 7/20.jpg,SIDE VIEW,7,20
SIDE VIEW/Day 7/21.jpg,SIDE VIEW,7,21
SIDE VIEW/Day 7/22.jpg,SIDE VIEW,7,22
SIDE VIEW/Day 7/23.jpg,SIDE VIEW,7,23
SIDE VIEW/Day 7/24.jpg,SIDE VIEW,7,24
SIDE VIEW/Day 7/25.jpg,SIDE VIEW,7,25
SIDE VIEW/Day 7/26.jpg,SIDE VIEW,7,26
SIDE VIEW/Day 7/27.jpg,SIDE VIEW,7,27
SIDE VIEW/Day 7/28.jpg,SIDE VIEW,7,28
SIDE VIEW/Day 7/29.jpg,SIDE VIEW,7,29
SIDE VIEW/Day 7/30.jpg,SIDE VIEW,7,30
SIDE VIEW/Day 7/31.jpg,SIDE VIEW,7,31
SIDE VIEW/Day 7/32.jpg,SIDE VIEW,7,32
SIDE VIEW/Day 7/33.jpg,SIDE VIEW,7,33
SIDE VIEW/Day 7/34.jpg,SIDE VIEW,7,34
SIDE VIEW/Day 7/35.jpg,SIDE VIEW,7,35
SIDE VIEW/Day 7/36.jpg,SIDE VIEW,7,36
SIDE VIEW/Day 7/37.jpg,SIDE VIEW,7,37
SIDE VIEW/Day 7/38.jpg,SIDE VIEW,7,38
SIDE VIEW/Day 7/39.jpg,SIDE VIEW,7,39
SIDE VIEW/Day 7/40.jpg,SIDE VIEW,7,40
SIDE VIEW/Day 7/41.jpg,SIDE VIEW,7,41
SIDE VIEW/Day 7/42.jpg,SIDE VIEW,7,42
SIDE VIEW/Day 7/43.jpg,SIDE VIEW,7,43
SIDE VIEW/Day 7/44.jpg,SIDE VIEW,7,44
SIDE VIEW/Day 7/45.jpg,SIDE VIEW,7,45
SIDE VIEW/Day 7/46.jpg,SIDE VIEW,7,46
SIDE VIEW/Day 7/47.jpg,SIDE VIEW,7,47
SIDE VIEW/Day 7/48.jpg,SIDE VIEW,7,48
SIDE VIEW/Day 7/49.jpg,SIDE VIEW,7,49
SIDE VIEW/Day 7/50.jpg,SIDE VIEW,7,50
SIDE VIEW/Day 7/51.jpg,SIDE VIEW,7,51
SIDE VIEW/Day 7/52.jpg,SIDE VIEW,7,52
SIDE VIEW/Day 7/53.jpg,SIDE VIEW,7,53
SIDE VIEW/Day 7/54.jpg,SIDE VIEW,7,54
SIDE VIEW/Day 7/55.jpg,SIDE VIEW,7,55
SIDE VIEW/Day 7/56.jpg,SIDE VIEW,7,56
SIDE VIEW/Day 7/57.jpg,SIDE VIEW,7,57
SIDE VIEW/Day 7/58.jpg,SIDE VIEW,7,58
SIDE VIEW/Day 7/59.jpg,SIDE VIEW,7,59
SIDE VIEW/Day 7/60.jpg,SIDE VIEW,7,60
SIDE VIEW/Day 7/61.jpg,SIDE VIEW,7,61
SIDE VIEW/Day 7/62.jpg,SIDE VIEW,7,62
SIDE VIEW/Day 7/63.jpg,SIDE VIEW,7,63
SIDE VIEW/Day 7/64.jpg,SIDE VIEW,7,64
SIDE VIEW/Day 7/65.jpg,SIDE VIEW,7,65
SIDE VIEW/Day 7/66.jpg,SIDE VIEW,7,66
SIDE VIEW/Day 7/67.jpg,SIDE VIEW,7,67
SIDE VIEW/Day 7/68.jpg,SIDE VIEW,7,68
SIDE VIEW/Day 7/69.jpg,SIDE VIEW,7,69
SIDE VIEW/Day 7/70.jpg,SIDE VIEW,7,70
SIDE VIEW/Day 7/71.jpg,SIDE VIEW,7,71
SIDE VIEW/Day 7/72.jpg,SIDE VIEW,7,72
SIDE VIEW/Day 7/73.jpg,SIDE VIEW,7,73
SIDE VIEW/Day 7/74.jpg,SIDE VIEW,7,74
SIDE VIEW/Day 7/75.jpg,SIDE VIEW,7,75
SIDE VIEW/Day 7/76.jpg,SIDE VIEW,7,76
SIDE VIEW/Day 7/77.jpg,SIDE VIEW,7,77
SIDE VIEW/Day 7/78.jpg,SIDE VIEW,7,78
SIDE VIEW/Day 7/79.jpg,SIDE VIEW,7,79
SIDE VIEW/Day 7/80.jpg,SIDE VIEW,7,80
SIDE VIEW/Day 7/81.jpg,SIDE VIEW,7,81
SIDE VIEW/Day 7/82.jpg,SIDE VIEW,7,82
TOP VIEW/Day 1/1.jpg,TOP VIEW,1,1
TOP VIEW/Day 1/2.jpg,TOP VIEW,1,2
TOP VIEW/Day 1/3.jpg,TOP VIEW,1,3
TOP VIEW/Day 1/4.jpg,TOP VIEW,1,4
TOP VIEW/Day 1/5.jpg,TOP VIEW,1,5
TOP VIEW/Day 1/6.jpg,TOP VIEW,1,6
TOP VIEW/Day 1/7.jpg,TOP VIEW,1,7
TOP VIEW/Day 1/8.jpg,TOP VIEW,1,8
TOP VIEW/Day 1/9.jpg,TOP VIEW,1,9
TOP VIEW/Day 1/10.jpg,TOP VIEW,1,10
TOP VIEW/Day 1/11.jpg,TOP VIEW,1,11
TOP VIEW/Day 1/12.jpg,TOP VIEW,1,12
TOP VIEW/Day 1/13.jpg,TOP VIEW,1,13
TOP VIEW/Day 1/14.jpg,TOP VIEW,1,14
TOP VIEW/Day 1/15.jpg,TOP VIEW,1,15
TOP VIEW/Day 1/16.jpg,TOP VIEW,1,16
TOP VIEW/Day 1/17.jpg,TOP VIEW,1,17
TOP VIEW/Day 1/18.jpg,TOP VIEW,1,18
TOP VIEW/Day 1/19.jpg,TOP VIEW,1,19
TOP VIEW/Day 1/20.jpg,TOP VIEW,1,20
TOP VIEW/Day 1/21.jpg,TOP VIEW,1,21
TOP VIEW/Day 1/22.jpg,TOP VIEW,1,22
TOP VIEW/Day 1/23.jpg,TOP VIEW,1,23
TOP VIEW/Day 1/24.jpg,TOP VIEW,1,24
TOP VIEW/Day 1/25.jpg,TOP VIEW,1,25
TOP VIEW/Day 1/26.jpg,TOP VIEW,1,26
TOP VIEW/Day 1/27.jpg,TOP VIEW,1,27
TOP VIEW/Day 1/28.jpg,TOP VIEW,1,28
TOP VIEW/Day 1/29.jpg,TOP VIEW,1,29
TOP VIEW/Day 1/30.jpg,TOP VIEW,1,30
TOP VIEW/Day 1/31.jpg,TOP VIEW,1,31
TOP VIEW/Day 1/32.jpg,TOP VIEW,1,32
TOP VIEW/Day 1/33.jpg,TOP VIEW,1,33
TOP VIEW/Day 1/34.jpg,TOP VIEW,1,34
TOP VIEW/Day 1/35.jpg,TOP VIEW,1,35
TOP VIEW/Day 1/36.jpg,TOP VIEW,1,36
TOP VIEW/Day 1/37.jpg,TOP VIEW,1,37
TOP VIEW/Day 1/38.jpg,TOP VIEW,1,38
TOP VIEW/Day 1/39.jpg,TOP VIEW,1,39
TOP VIEW/Day 1/40.jpg,TOP VIEW,1,40
TOP VIEW/Day 1/41.jpg,TOP VIEW,1,41
TOP VIEW/Day 1/42.jpg,TOP VIEW,1,42
TOP VIEW/Day 1/43.jpg,TOP VIEW,1,43
TOP VIEW/Day 1/44.jpg,TOP VIEW,1,44
TOP VIEW/Day 1/45.jpg,TOP VIEW,1,45
TOP VIEW/Day 1/46.jpg,TOP VIEW,1,46
TOP VIEW/Day 1/47.jpg,TOP VIEW,1,47
TOP VIEW/Day 1/48.jpg,TOP VIEW,1,48
TOP VIEW/Day 1/49.jpg,TOP VIEW,1,49
TOP VIEW/Day 1/50.jpg,TOP VIEW,1,50
TOP VIEW/Day 1/51.jpg,TOP VIEW,1,51
TOP VIEW/Day 1/52.jpg,TOP VIEW,1,52
TOP VIEW/Day 1/53.jpg,TOP VIEW,1,53
TOP VIEW/Day 1/54.jpg,TOP VIEW,1,54
TOP VIEW/Day 1/55.jpg,TOP VIEW,1,55
TOP VIEW/Day 1/56.jpg,TOP VIEW,1,56
TOP VIEW/Day 1/57.jpg,TOP VIEW,1,57
TOP VIEW/Day 1/58.jpg,TOP VIEW,1,58
TOP VIEW/Day 1/59.jpg,TOP VIEW,1,59
TOP VIEW/Day 1/60.jpg,TOP VIEW,1,60
TOP VIEW/Day 1/61.jpg,TOP VIEW,1,61
TOP VIEW/Day 1/62.jpg,TOP VIEW,1,62
TOP VIEW/Day 1/63.jpg,TOP VIEW,1,63
TOP VIEW/Day 1/64.jpg,TOP VIEW,1,64
TOP VIEW/Day 1/65.jpg,TOP VIEW,1,65
TOP VIEW/Day 1/66.jpg,TOP VIEW,1,66
TOP VIEW/Day 1/67.jpg,TOP VIEW,1,67
TOP VIEW/Day 1/68.jpg,TOP VIEW,1,68
TOP VIEW/Day 1/69.jpg,TOP VIEW,1,69
TOP VIEW/Day 1/70.jpg,TOP VIEW,1,70
TOP VIEW/Day 1/71.jpg,TOP VIEW,1,71
TOP VIEW/Day 1/72.jpg,TOP VIEW,1,72
TOP VIEW/Day 1/73.jpg,TOP VIEW,1,73
TOP VIEW/Day 1/74.jpg,TOP VIEW,1,74
TOP VIEW/Day 1/75.jpg,TOP VIEW,1,75
TOP VIEW/Day 1/76.jpg,TOP VIEW,1,76
TOP VIEW/Day 1/77.jpg,TOP VIEW,1,77
TOP VIEW/Day 1/78.jpg,TOP VIEW,1,78
TOP VIEW/Day 1/79.jpg,TOP VIEW,1,79
TOP VIEW/Day 1/80.jpg,TOP VIEW,1,80
TOP VIEW/Day 1/81.jpg,TOP VIEW,1,81
TOP VIEW/Day 1/82.jpg,TOP VIEW,1,82
TOP VIEW/Day 2/1.jpg,TOP VIEW,2,1
TOP VIEW/Day 2/2.jpg,TOP VIEW,2,2
TOP VIEW/Day 2/3.jpg,TOP VIEW,2,3
TOP VIEW/Day 2/4.jpg,TOP VIEW,2,4
TOP VIEW/Day 2/5.jpg,TOP VIEW,2,5
TOP VIEW/Day 2/6.jpg,TOP VIEW,2,6
TOP VIEW/Day 2/7.jpg,TOP VIEW,2,7
TOP VIEW/Day 2/8.jpg,TOP VIEW,2,8
TOP VIEW/Day 2/9.jpg,TOP VIEW,2,9
TOP VIEW/Day 2/10.jpg,TOP VIEW,2,10
TOP VIEW/Day 2/11.jpg,TOP VIEW,2,11
TOP VIEW/Day 2/12.jpg,TOP VIEW,2,12
TOP VIEW/Day 2/13.jpg,TOP VIEW,2,13
TOP VIEW/Day 2/14.jpg,TOP VIEW,2,14
TOP VIEW/Day 2/15.jpg,TOP VIEW,2,15
TOP VIEW/Day 2/16.jpg,TOP VIEW,2,16
TOP VIEW/Day 2/17.jpg,TOP VIEW,2,17
TOP VIEW/Day 2/18.jpg,TOP VIEW,2,18
TOP VIEW/Day 2/19.jpg,TOP VIEW,2,19
TOP VIEW/Day 2/20.jpg,TOP VIEW,2,20
TOP VIEW/Day 2/21.jpg,TOP VIEW,2,21
TOP VIEW/Day 2/22.jpg,TOP VIEW,2,22
TOP VIEW/Day 2/23.jpg,TOP VIEW,2,23
TOP VIEW/Day 2/24.jpg,TOP VIEW,2,24
TOP VIEW/Day 2/25.jpg,TOP VIEW,2,25
TOP VIEW/Day 2/26.jpg,TOP VIEW,2,26
TOP VIEW/Day 2/27.jpg,TOP VIEW,2,27
TOP VIEW/Day 2/28.jpg,TOP VIEW,2,28
TOP VIEW/Day 2/29.jpg,TOP VIEW,2,29
TOP VIEW/Day 2/30.jpg,TOP VIEW,2,30
TOP VIEW/Day 2/31.jpg,TOP VIEW,2,31
TOP VIEW/Day 2/32.jpg,TOP VIEW,2,32
TOP VIEW/Day 2/33.jpg,TOP VIEW,2,33
TOP VIEW/Day 2/34.jpg,TOP VIEW,2,34
TOP VIEW/Day 2/35.jpg,TOP VIEW,2,35
TOP VIEW/Day 2/36.jpg,TOP VIEW,2,36
TOP VIEW/Day 2/37.jpg,TOP VIEW,2,37
TOP VIEW/Day 2/38.jpg,TOP VIEW,2,38
TOP VIEW/Day 2/39.jpg,TOP VIEW,2,39
TOP VIEW/Day 2/40.jpg,TOP VIEW,2,40
TOP VIEW/Day 2/41.jpg,TOP VIEW,2,41
TOP VIEW/Day 2/42.jpg,TOP VIEW,2,42
TOP VIEW/Day 2/43.jpg,TOP VIEW,2,43
TOP VIEW/Day 2/44.jpg,TOP VIEW,2,44
TOP VIEW/Day 2/45.jpg,TOP VIEW,2,45
TOP VIEW/Day 2/46.jpg,TOP VIEW,2,46
TOP VIEW/Day 2/47.jpg,TOP VIEW,2,47
TOP VIEW/Day 2/48.jpg,TOP VIEW,2,48
TOP VIEW/Day 2/49.jpg,TOP VIEW,2,49
TOP VIEW/Day 2/50.jpg,TOP VIEW,2,50
TOP VIEW/Day 2/51.jpg,TOP VIEW,2,51
TOP VIEW/Day 2/52.jpg,TOP VIEW,2,52
TOP VIEW/Day 2/53.jpg,TOP VIEW,2,53
TOP VIEW/Day 2/54.jpg,TOP VIEW,2,54
TOP VIEW/Day 2/55.jpg,TOP VIEW,2,55
TOP VIEW/Day 2/56.jpg,TOP VIEW,2,56
TOP VIEW/Day 2/57.jpg,TOP VIEW,2,57
TOP VIEW/Day 2/58.jpg,TOP VIEW,2,58
TOP VIEW/Day 2/59.jpg,TOP VIEW,2,59
TOP VIEW/Day 2/60.jpg,TOP VIEW,2,60
TOP VIEW/Day 2/61.jpg,TOP VIEW,2,61
TOP VIEW/Day 2/62.jpg,TOP VIEW,2,62
TOP VIEW/Day 2/63.jpg,TOP VIEW,2,63
TOP VIEW/Day 2/64.jpg,TOP VIEW,2,64
TOP VIEW/Day 2/65.jpg,TOP VIEW,2,65
TOP VIEW/Day 2/66.jpg,TOP VIEW,2,66
TOP VIEW/Day 2/67.jpg,TOP VIEW,2,67
TOP VIEW/Day 2/68.jpg,TOP VIEW,2,68
TOP VIEW/Day 2/69.jpg,TOP VIEW,2,69
TOP VIEW/Day 2/70.jpg,TOP VIEW,2,70
TOP VIEW/Day 2/71.jpg,TOP VIEW,2,71
TOP VIEW/Day 2/72.jpg,TOP VIEW,2,72
TOP VIEW/Day 2/73.jpg,TOP VIEW,2,73
TOP VIEW/Day 2/74.jpg,TOP VIEW,2,74
TOP VIEW/Day 2/75.jpg,TOP VIEW,2,75
TOP VIEW/Day 2/76.jpg,TOP VIEW,2,76
TOP VIEW/Day 2/77.jpg,TOP VIEW,2,77
TOP VIEW/Day 2/78.jpg,TOP VIEW,2,78
TOP VIEW/Day 2/79.jpg,TOP VIEW,2,79
TOP VIEW/Day 2/80.jpg,TOP VIEW,2,80
TOP VIEW/Day 2/81.jpg,TOP VIEW,2,81
TOP VIEW/Day 2/82.jpg,TOP VIEW,2,82
TOP VIEW/Day 3/1.jpg,TOP VIEW,3,1
TOP VIEW/Day 3/2.jpg,TOP VIEW,3,2
TOP VIEW/Day 3/3.jpg,TOP VIEW,3,3
TOP VIEW/Day 3/4.jpg,TOP VIEW,3,4
TOP VIEW/Day 3/5.jpg,TOP VIEW,3,5
TOP VIEW/Day 3/6.jpg,TOP VIEW,3,6
TOP VIEW/Day 3/7.jpg,TOP VIEW,3,7
TOP VIEW/Day 3/8.jpg,TOP VIEW,3,8
TOP VIEW/Day 3/9.jpg,TOP VIEW,3,9
TOP VIEW/Day 3/10.jpg,TOP VIEW,3,10
TOP VIEW/Day 3/11.jpg,TOP VIEW,3,11
TOP VIEW/Day 3/12.jpg,TOP VIEW,3,12
TOP VIEW/Day 3/13.jpg,TOP VIEW,3,13
TOP VIEW/Day 3/14.jpg,TOP VIEW,3,14
TOP VIEW/Day 3/15.jpg,TOP VIEW,3,15
TOP VIEW/Day 3/16.jpg,TOP VIEW,3,16
TOP VIEW/Day 3/17.jpg,TOP VIEW,3,17
TOP VIEW/Day 3/18.jpg,TOP VIEW,3,18
TOP VIEW/Day 3/19.jpg,TOP VIEW,3,19
TOP VIEW/Day 3/20.jpg,TOP VIEW,3,20
TOP VIEW/Day 3/21.jpg,TOP VIEW,3,21
TOP VIEW/Day 3/22.jpg,TOP VIEW,3,22
TOP VIEW/Day 3/23.jpg,TOP VIEW,3,23
TOP VIEW/Day 3/24.jpg,TOP VIEW,3,24
TOP VIEW/Day 3/25.jpg,TOP VIEW,3,25
TOP VIEW/Day 3/26.jpg,TOP VIEW,3,26
TOP VIEW/Day 3/27.jpg,TOP VIEW,3,27
TOP VIEW/Day 3/28.jpg,TOP VIEW,3,28
TOP VIEW/Day 3/29.jpg,TOP VIEW,3,29
TOP VIEW/Day 3/30.jpg,TOP VIEW,3,30
TOP VIEW/Day 3/31.jpg,TOP VIEW,3,31
TOP VIEW/Day 3/32.jpg,TOP VIEW,3,32
TOP VIEW/Day 3/33.jpg,TOP VIEW,3,33
TOP VIEW/Day 3/34.jpg,TOP VIEW,3,34
TOP VIEW/Day 3/35.jpg,TOP VIEW,3,35
TOP VIEW/Day 3/36.jpg,TOP VIEW,3,36
TOP VIEW/Day 3/37.jpg,TOP VIEW,3,37
TOP VIEW/Day 3/38.jpg,TOP VIEW,3,38
TOP VIEW/Day 3/39.jpg,TOP VIEW,3,39
TOP VIEW/Day 3/40.jpg,TOP VIEW,3,40
TOP VIEW/Day 3/41.jpg,TOP VIEW,3,41
TOP VIEW/Day 3/42.jpg,TOP VIEW,3,42
TOP VIEW/Day 3/43.jpg,TOP VIEW,3,43
TOP VIEW/Day 3/44.jpg,TOP VIEW,3,44
TOP VIEW/Day 3/45.jpg,TOP VIEW,3,45
TOP VIEW/Day 3/46.jpg,TOP VIEW,3,46
TOP VIEW/Day 3/47.jpg,TOP VIEW,3,47
TOP VIEW/Day 3/48.jpg,TOP VIEW,3,48
TOP VIEW/Day 3/49.jpg,TOP VIEW,3,49
TOP VIEW/Day 3/50.jpg,TOP VIEW,3,50
TOP VIEW/Day 3/51.jpg,TOP VIEW,3,51
TOP VIEW/Day 3/52.jpg,TOP VIEW,3,52
TOP VIEW/Day 3/53.jpg,TOP VIEW,3,53
TOP VIEW/Day 3/54.jpg,TOP VIEW,3,54
TOP VIEW/Day 3/55.jpg,TOP VIEW,3,55
TOP VIEW/Day 3/56.jpg,TOP VIEW,3,56
TOP VIEW/Day 3/57.jpg,TOP VIEW,3,57
TOP VIEW/Day 3/58.jpg,TOP VIEW,3,58
TOP VIEW/Day 3/59.jpg,TOP VIEW,3,59
TOP VIEW/Day 3/60.jpg,TOP VIEW,3,60
TOP VIEW/Day 3/61.jpg,TOP VIEW,3,61
TOP VIEW/Day 3/62.jpg,TOP VIEW,3,62
TOP VIEW/Day 3/63.jpg,TOP VIEW,3,63
TOP VIEW/Day 3/64.jpg,TOP VIEW,3,64
TOP VIEW/Day 3/65.jpg,TOP VIEW,3,65
TOP VIEW/Day 3/66.jpg,TOP VIEW,3,66
TOP VIEW/Day 3/67.jpg,TOP VIEW,3,67
TOP VIEW/Day 3/68.jpg,TOP VIEW,3,68
TOP VIEW/Day 3/69.jpg,TOP VIEW,3,69
TOP VIEW/Day 3/70.jpg,TOP VIEW,3,70
TOP VIEW/Day 3/71.jpg,TOP VIEW,3,71
TOP VIEW/Day 3/72.jpg,TOP VIEW,3,72
TOP VIEW/Day 3/73.jpg,TOP VIEW,3,73
TOP VIEW/Day 3/74.jpg,TOP VIEW,3,74
TOP VIEW/Day 3/75.jpg,TOP VIEW,3,75
TOP VIEW/Day 3/76.jpg,TOP VIEW,3,76
TOP VIEW/Day 3/77.jpg,TOP VIEW,3,77
TOP VIEW/Day 3/78.jpg,TOP VIEW,3,78
TOP VIEW/Day 3/79.jpg,TOP VIEW,3,79
TOP VIEW/Day 3/80.jpg,TOP VIEW,3,80
TOP VIEW/Day 3/81.jpg,TOP VIEW,3,81
TOP VIEW/Day 3/82.jpg,TOP VIEW,3,82
TOP VIEW/Day 4/1.jpg,TOP VIEW,4,1
TOP VIEW/Day 4/2.jpg,TOP VIEW,4,2
TOP VIEW/Day 4/3.jpg,TOP VIEW,4,3
TOP VIEW/Day 4/4.jpg,TOP VIEW,4,4
TOP VIEW/Day 4/5.jpg,TOP VIEW,4,5
TOP VIEW/Day 4/6.jpg,TOP VIEW,4,6
TOP VIEW/Day 4/7.jpg,TOP VIEW,4,7
TOP VIEW/Day 4/8.jpg,TOP VIEW,4,8
TOP VIEW/Day 4/9.jpg,TOP VIEW,4,9
TOP VIEW/Day 4/10.jpg,TOP VIEW,4,10
TOP VIEW/Day 4/11.jpg,TOP VIEW,4,11
TOP VIEW/Day 4/12.jpg,TOP VIEW,4,12
TOP VIEW/Day 4/13.jpg,TOP VIEW,4,13
TOP VIEW/Day 4/14.jpg,TOP VIEW,4,14
TOP VIEW/Day 4/15.jpg,TOP VIEW,4,15
TOP VIEW/Day 4/16.jpg,TOP VIEW,4,16
TOP VIEW/Day 4/17.jpg,TOP VIEW,4,17
TOP VIEW/Day 4/18.jpg,TOP VIEW,4,18
TOP VIEW/Day 4/19.jpg,TOP VIEW,4,19
TOP VIEW/Day 4/20.jpg,TOP VIEW,4,20
TOP VIEW/Day 4/21.jpg,TOP VIEW,4,21
TOP VIEW/Day 4/22.jpg,TOP VIEW,4,22
TOP VIEW/Day 4/23.jpg,TOP VIEW,4,23
TOP VIEW/Day 4/24.jpg,TOP VIEW,4,24
TOP VIEW/Day 4/25.jpg,TOP VIEW,4,25
TOP VIEW/Day 4/26.jpg,TOP VIEW,4,26
TOP VIEW/Day 4/27.jpg,TOP VIEW,4,27
TOP VIEW/Day 4/28.jpg,TOP VIEW,4,28
TOP VIEW/Day 4/29.jpg,TOP VIEW,4,29
TOP VIEW/Day 4/30.jpg,TOP VIEW,4,30
TOP VIEW/Day 4/31.jpg,TOP VIEW,4,31
TOP VIEW/Day 4/32.jpg,TOP VIEW,4,32
TOP VIEW/Day 4/33.jpg,TOP VIEW,4,33
TOP VIEW/Day 4/34.jpg,TOP VIEW,4,34
TOP VIEW/Day 4/35.jpg,TOP VIEW,4,35
TOP VIEW/Day 4/36.jpg,TOP VIEW,4,36
TOP VIEW/Day 4/37.jpg,TOP VIEW,4,37
TOP VIEW/Day 4/38.jpg,TOP VIEW,4,38
TOP VIEW/Day 4/39.jpg,TOP VIEW,4,39
TOP VIEW/Day 4/40.jpg,TOP VIEW,4,40
TOP VIEW/Day 4/41.jpg,TOP VIEW,4,41
TOP VIEW/Day 4/42.jpg,TOP VIEW,4,42
TOP VIEW/Day 4/43.jpg,TOP VIEW,4,43
TOP VIEW/Day 4/44.jpg,TOP VIEW,4,44
TOP VIEW/Day 4/45.jpg,TOP VIEW,4,45
TOP VIEW/Day 4/46.jpg,TOP VIEW,4,46
TOP VIEW/Day 4/47.jpg,TOP VIEW,4,47
TOP VIEW/Day 4/48.jpg,TOP VIEW,4,48
TOP VIEW/Day 4/49.jpg,TOP VIEW,4,49
TOP VIEW/Day 4/50.jpg,TOP VIEW,4,50
TOP VIEW/Day 4/51.jpg,TOP VIEW,4,51
TOP VIEW/Day 4/52.jpg,TOP VIEW,4,52
TOP VIEW/Day 4/53.jpg,TOP VIEW,4,53
TOP VIEW/Day 4/54.jpg,TOP VIEW,4,54
TOP VIEW/Day 4/55.jpg,TOP VIEW,4,55
TOP VIEW/Day 4/56.jpg,TOP VIEW,4,56
TOP VIEW/Day 4/57.jpg,TOP VIEW,4,57
TOP VIEW/Day 4/58.jpg,TOP VIEW,4,58
TOP VIEW/Day 4/59.jpg,TOP VIEW,4,59
TOP VIEW/Day 4/60.jpg,TOP VIEW,4,60
TOP VIEW/Day 4/61.jpg,TOP VIEW,4,61
TOP VIEW/Day 4/62.jpg,TOP VIEW,4,62
TOP VIEW/Day 4/63.jpg,TOP VIEW,4,63
TOP VIEW/Day 4/64.jpg,TOP VIEW,4,64
TOP VIEW/Day 4/65.jpg,TOP VIEW,4,65
TOP VIEW/Day 4/66.jpg,TOP VIEW,4,66
TOP VIEW/Day 4/67.jpg,TOP VIEW,4,67
TOP VIEW/Day 4/68.jpg,TOP VIEW,4,68
TOP VIEW/Day 4/69.jpg,TOP VIEW,4,69
TOP VIEW/Day 4/70.jpg,TOP VIEW,4,70
TOP VIEW/Day 4/71.jpg,TOP VIEW,4,71
TOP VIEW/Day 4/72.jpg,TOP VIEW,4,72
TOP VIEW/Day 4/73.jpg,TOP VIEW,4,73
TOP VIEW/Day 4/74.jpg,TOP VIEW,4,74
TOP VIEW/Day 4/75.jpg,TOP VIEW,4,75
TOP VIEW/Day 4/76.jpg,TOP VIEW,4,76
TOP VIEW/Day 4/77.jpg,TOP VIEW,4,77
TOP VIEW/Day 4/78.jpg,TOP VIEW,4,78
TOP VIEW/Day 4/79.jpg,TOP VIEW,4,79
TOP VIEW/Day 4/80.jpg,TOP VIEW,4,80
TOP VIEW/Day 4/81.jpg,TOP VIEW,4,81
TOP VIEW/Day 4/82.jpg,TOP VIEW,4,82
TOP VIEW/Day 5/1.jpg,TOP VIEW,5,1
TOP VIEW/Day 5/2.jpg,TOP VIEW,5,2
TOP VIEW/Day 5/3.jpg,TOP VIEW,5,3
TOP VIEW/Day 5/4.jpg,TOP VIEW,5,4
TOP VIEW/Day 5/5.jpg,TOP VIEW,5,5
TOP VIEW/Day 5/6.jpg,TOP VIEW,5,6
TOP VIEW/Day 5/7.jpg,TOP VIEW,5,7
TOP VIEW/Day 5/8.jpg,TOP VIEW,5,8
TOP VIEW/Day 5/9.jpg,TOP VIEW,5,9
TOP VIEW/Day 5/10.jpg,TOP VIEW,5,10
TOP VIEW/Day 5/11.jpg,TOP VIEW,5,11
TOP VIEW/Day 5/12.jpg,TOP VIEW,5,12
TOP VIEW/Day 5/13.jpg,TOP VIEW,5,13
TOP VIEW/Day 5/14.jpg,TOP VIEW,5,14
TOP VIEW/Day 5/15.jpg,TOP VIEW,5,15
TOP VIEW/Day 5/16.jpg,TOP VIEW,5,16
TOP VIEW/Day 5/17.jpg,TOP VIEW,5,17
TOP VIEW/Day 5/18.jpg,TOP VIEW,5,18
TOP VIEW/Day 5/19.jpg,TOP VIEW,5,19
TOP VIEW/Day 5/20.jpg,TOP VIEW,5,20
TOP VIEW/Day 5/21.jpg,TOP VIEW,5,21
TOP VIEW/Day 5/22.jpg,TOP VIEW,5,22
TOP VIEW/Day 5/23.jpg,TOP VIEW,5,23
TOP VIEW/Day 5/24.jpg,TOP VIEW,5,24
TOP VIEW/Day 5/25.jpg,TOP VIEW,5,25
TOP VIEW/Day 5/26.jpg,TOP VIEW,5,26
TOP VIEW/Day 5/27.jpg,TOP VIEW,5,27
TOP VIEW/Day 5/28.jpg,TOP VIEW,5,28
TOP VIEW/Day 5/29.jpg,TOP VIEW,5,29
TOP VIEW/Day 5/30.jpg,TOP VIEW,5,30
TOP VIEW/Day 5/31.jpg,TOP VIEW,5,31
TOP VIEW/Day 5/32.jpg,TOP VIEW,5,32
TOP VIEW/Day 5/33.jpg,TOP VIEW,5,33
TOP VIEW/Day 5/34.jpg,TOP VIEW,5,34
TOP VIEW/Day 5/35.jpg,TOP VIEW,5,35
TOP VIEW/Day 5/36.jpg,TOP VIEW,5,36
TOP VIEW/Day 5/37.jpg,TOP VIEW,5,37
TOP VIEW/Day 5/38.jpg,TOP VIEW,5,38
TOP VIEW/Day 5/39.jpg,TOP VIEW,5,39
TOP VIEW/Day 5/40.jpg,TOP VIEW,5,40
TOP VIEW/Day 5/41.jpg,TOP VIEW,5,41
TOP VIEW/Day 5/42.jpg,TOP VIEW,5,42
TOP VIEW/Day 5/43.jpg,TOP VIEW,5,43
TOP VIEW/Day 5/44.jpg,TOP VIEW,5,44
TOP VIEW/Day 5/45.jpg,TOP VIEW,5,45
TOP VIEW/Day 5/46.jpg,TOP VIEW,5,46
TOP VIEW/Day 5/47.jpg,TOP VIEW,5,47
TOP VIEW/Day 5/48.jpg,TOP VIEW,5,48
TOP VIEW/Day 5/49.jpg,TOP VIEW,5,49
TOP VIEW/Day 5/50.jpg,TOP VIEW,5,50
TOP VIEW/Day 5/51.jpg,TOP VIEW,5,51
TOP VIEW/Day 5/52.jpg,TOP VIEW,5,52
TOP VIEW/Day 5/53.jpg,TOP VIEW,5,53
TOP VIEW/Day 5/54.jpg,TOP VIEW,5,54
TOP VIEW/Day 5/55.jpg,TOP VIEW,5,55
TOP VIEW/Day 5/56.jpg,TOP VIEW,5,56
TOP VIEW/Day 5/57.jpg,TOP VIEW,5,57
TOP VIEW/Day 5/58.jpg,TOP VIEW,5,58
TOP VIEW/Day 5/59.jpg,TOP VIEW,5,59
TOP VIEW/Day 5/60.jpg,TOP VIEW,5,60
TOP VIEW/Day 5/61.jpg,TOP VIEW,5,61
TOP VIEW/Day 5/62.jpg,TOP VIEW,5,62
TOP VIEW/Day 5/63.jpg,TOP VIEW,5,63
TOP VIEW/Day 5/64.jpg,TOP VIEW,5,64
TOP VIEW/Day 5/65.jpg,TOP VIEW,5,65
TOP VIEW/Day 5/66.jpg,TOP VIEW,5,66
TOP VIEW/Day 5/67.jpg,TOP VIEW,5,67
TOP VIEW/Day 5/68.jpg,TOP VIEW,5,68
TOP VIEW/Day 5/69.jpg,TOP VIEW,5,69
TOP VIEW/Day 5/70.jpg,TOP VIEW,5,70
TOP VIEW/Day 5/71.jpg,TOP VIEW,5,71
TOP VIEW/Day 5/72.jpg,TOP VIEW,5,72
TOP VIEW/Day 5/73.jpg,TOP VIEW,5,73
TOP VIEW/Day 5/74.jpg,TOP VIEW,5,74
TOP VIEW/Day 5/75.jpg,TOP VIEW,5,75
TOP VIEW/Day 5/76.jpg,TOP VIEW,5,76
TOP VIEW/Day 5/77.jpg,TOP VIEW,5,77
TOP VIEW/Day 5/78.jpg,TOP VIEW,5,78
TOP VIEW/Day 5/79.jpg,TOP VIEW,5,79
TOP VIEW/Day 5/80.jpg,TOP VIEW,5,80
TOP VIEW/Day 5/81.jpg,TOP VIEW,5,81
TOP VIEW/Day 5/82.jpg,TOP VIEW,5,82
TOP VIEW/Day 6/1.jpg,TOP VIEW,6,1
TOP VIEW/Day 6/2.jpg,TOP VIEW,6,2
TOP VIEW/Day 6/3.jpg,TOP VIEW,6,3
TOP VIEW/Day 6/4.jpg,TOP VIEW,6,4
TOP VIEW/Day 6/5.jpg,TOP VIEW,6,5
TOP VIEW/Day 6/6.jpg,TOP VIEW,6,6
TOP VIEW/Day 6/7.jpg,TOP VIEW,6,7
TOP VIEW/Day 6/8.jpg,TOP VIEW,6,8
TOP VIEW/Day 6/9.jpg,TOP VIEW,6,9
TOP VIEW/Day 6/10.jpg,TOP VIEW,6,10
TOP VIEW/Day 6/11.jpg,TOP VIEW,6,11
TOP VIEW/Day 6/12.jpg,TOP VIEW,6,12
TOP VIEW/Day 6/13.jpg,TOP VIEW,6,13
TOP VIEW/Day 6/14.jpg,TOP VIEW,6,14
TOP VIEW/Day 6/15.jpg,TOP VIEW,6,15
TOP VIEW/Day 6/16.jpg,TOP VIEW,6,16
TOP VIEW/Day 6/17.jpg,TOP VIEW,6,17
TOP VIEW/Day 6/18.jpg,TOP VIEW,6,18
TOP VIEW/Day 6/19.jpg,TOP VIEW,6,19
TOP VIEW/Day 6/20.jpg,TOP VIEW,6,20
TOP VIEW/Day 6/21.jpg,TOP VIEW,6,21
TOP VIEW/Day 6/22.jpg,TOP VIEW,6,22
TOP VIEW/Day 6/23.jpg,TOP VIEW,6,23
TOP VIEW/Day 6/24.jpg,TOP VIEW,6,24
TOP VIEW/Day 6/25.jpg,TOP VIEW,6,25
TOP VIEW/Day 6/26.jpg,TOP VIEW,6,26
TOP VIEW/Day 6/27.jpg,TOP VIEW,6,27
TOP VIEW/Day 6/28.jpg,TOP VIEW,6,28
TOP VIEW/Day 6/29.jpg,TOP VIEW,6,29
TOP VIEW/Day 6/30.jpg,TOP VIEW,6,30
TOP VIEW/Day 6/31.jpg,TOP VIEW,6,31
TOP VIEW/Day 6/32.jpg,TOP VIEW,6,32
TOP VIEW/Day 6/33.jpg,TOP VIEW,6,33
TOP VIEW/Day 6/34.jpg,TOP VIEW,6,34
TOP VIEW/Day 6/35.jpg,TOP VIEW,6,35
TOP VIEW/Day 6/36.jpg,TOP VIEW,6,36
TOP VIEW/Day 6/37.jpg,TOP VIEW,6,37
TOP VIEW/Day 6/38.jpg,TOP VIEW,6,38
TOP VIEW/Day 6/39.jpg,TOP VIEW,6,39
TOP VIEW/Day 6/40.jpg,TOP VIEW,6,40
TOP VIEW/Day 6/41.jpg,TOP VIEW,6,41
TOP VIEW/Day 6/42.jpg,TOP VIEW,6,42
TOP VIEW/Day 6/43.jpg,TOP VIEW,6,43
TOP VIEW/Day 6/44.jpg,TOP VIEW,6,44
TOP VIEW/Day 6/45.jpg,TOP VIEW,6,45
TOP VIEW/Day 6/46.jpg,TOP VIEW,6,46
TOP VIEW/Day 6/47.jpg,TOP VIEW,6,47
TOP VIEW/Day 6/48.jpg,TOP VIEW,6,48
TOP VIEW/Day 6/49.jpg,TOP VIEW,6,49
TOP VIEW/Day 6/50.jpg,TOP VIEW,6,50
TOP VIEW/Day 6/51.jpg,TOP VIEW,6,51
TOP VIEW/Day 6/52.jpg,TOP VIEW,6,52
TOP VIEW/Day 6/53.jpg,TOP VIEW,6,53
TOP VIEW/Day 6/54.jpg,TOP VIEW,6,54
TOP VIEW/Day 6/55.jpg,TOP VIEW,6,55
TOP VIEW/Day 6/56.jpg,TOP VIEW,6,56
TOP VIEW/Day 6/57.jpg,TOP VIEW,6,57
TOP VIEW/Day 6/58.jpg,TOP VIEW,6,58
TOP VIEW/Day 6/59.jpg,TOP VIEW,6,59
TOP VIEW/Day 6/60.jpg,TOP VIEW,6,60
TOP VIEW/Day 6/61.jpg,TOP VIEW,6,61
TOP VIEW/Day 6/62.jpg,TOP VIEW,6,62
TOP VIEW/Day 6/63.jpg,TOP VIEW,6,63
TOP VIEW/Day 6/64.jpg,TOP VIEW,6,64
TOP VIEW/Day 6/65.jpg,TOP VIEW,6,65
TOP VIEW/Day 6/66.jpg,TOP VIEW,6,66
TOP VIEW/Day 6/67.jpg,TOP VIEW,6,67
TOP VIEW/Day 6/68.jpg,TOP VIEW,6,68
TOP VIEW/Day 6/69.jpg,TOP VIEW,6,69
TOP VIEW/Day 6/70.jpg,TOP VIEW,6,70
TOP VIEW/Day 6/71.jpg,TOP VIEW,6,71
TOP VIEW/Day 6/72.jpg,TOP VIEW,6,72
TOP VIEW/Day 6/73.jpg,TOP VIEW,6,73
TOP VIEW/Day 6/74.jpg,TOP VIEW,6,74
TOP VIEW/Day 6/75.jpg,TOP VIEW,6,75
TOP VIEW/Day 6/76.jpg,TOP VIEW,6,76
TOP VIEW/Day 6/77.jpg,TOP VIEW,6,77
TOP VIEW/Day 6/78.jpg,TOP VIEW,6,78
TOP VIEW/Day 6/79.jpg,TOP VIEW,6,79
TOP VIEW/Day 6/80.jpg,TOP VIEW,6,80
TOP VIEW/Day 6/81.jpg,TOP VIEW,6,81
TOP VIEW/Day 6/82.jpg,TOP VIEW,6,82
TOP VIEW/Day 7/1.jpg,TOP VIEW,7,1
TOP VIEW/Day 7/2.jpg,TOP VIEW,7,2
TOP VIEW/Day 7/3.jpg,TOP VIEW,7,3
TOP VIEW/Day 7/4.jpg,TOP VIEW,7,4
TOP VIEW/Day 7/5.jpg,TOP VIEW,7,5
TOP VIEW/Day 7/6.jpg,TOP VIEW,7,6
TOP VIEW/Day 7/7.jpg,TOP VIEW,7,7
TOP VIEW/Day 7/8.jpg,TOP VIEW,7,8
TOP VIEW/Day 7/9.jpg,TOP VIEW,7,9
TOP VIEW/Day 7/10.jpg,TOP VIEW,7,10
TOP VIEW/Day 7/11.jpg,TOP VIEW,7,11
TOP VIEW/Day 7/12.jpg,TOP VIEW,7,12
TOP VIEW/Day 7/13.jpg,TOP VIEW,7,13
TOP VIEW/Day 7/14.jpg,TOP VIEW,7,14
TOP VIEW/Day 7/15.jpg,TOP VIEW,7,15
TOP VIEW/Day 7/16.jpg,TOP VIEW,7,16
TOP VIEW/Day 7/17.jpg,TOP VIEW,7,17
TOP VIEW/Day 7/18.jpg,TOP VIEW,7,18
TOP VIEW/Day 7/19.jpg,TOP VIEW,7,19
TOP VIEW/Day 7/20.jpg,TOP VIEW,7,20
TOP VIEW/Day 7/21.jpg,TOP VIEW,7,21
TOP VIEW/Day 7/22.jpg,TOP VIEW,7,22
TOP VIEW/Day 7/23.jpg,TOP VIEW,7,23
TOP VIEW/Day 7/24.jpg,TOP VIEW,7,24
TOP VIEW/Day 7/25.jpg,TOP VIEW,7,25
TOP VIEW/Day 7/26.jpg,TOP VIEW,7,26
TOP VIEW/Day 7/27.jpg,TOP VIEW,7,27
TOP VIEW/Day 7/28.jpg,TOP VIEW,7,28
TOP VIEW/Day 7/29.jpg,TOP VIEW,7,29
TOP VIEW/Day 7/30.jpg,TOP VIEW,7,30
TOP VIEW/Day 7/31.jpg,TOP VIEW,7,31
TOP VIEW/Day 7/32.jpg,TOP VIEW,7,32
TOP VIEW/Day 7/33.jpg,TOP VIEW,7,33
TOP VIEW/Day 7/34.jpg,TOP VIEW,7,34
TOP VIEW/Day 7/35.jpg,TOP VIEW,7,35
TOP VIEW/Day 7/36.jpg,TOP VIEW,7,36
TOP VIEW/Day 7/37.jpg,TOP VIEW,7,37
TOP VIEW/Day 7/38.jpg,TOP VIEW,7,38
TOP VIEW/Day 7/39.jpg,TOP VIEW,7,39
TOP VIEW/Day 7/40.jpg,TOP VIEW,7,40
TOP VIEW/Day 7/41.jpg,TOP VIEW,7,41
TOP VIEW/Day 7/42.jpg,TOP VIEW,7,42
TOP VIEW/Day 7/43.jpg,TOP VIEW,7,43
TOP VIEW/Day 7/44.jpg,TOP VIEW,7,44
TOP VIEW/Day 7/45.jpg,TOP VIEW,7,45
TOP VIEW/Day 7/46.jpg,TOP VIEW,7,46
TOP VIEW/Day 7/47.jpg,TOP VIEW,7,47
TOP VIEW/Day 7/48.jpg,TOP VIEW,7,48
TOP VIEW/Day 7/49.jpg,TOP VIEW,7,49
TOP VIEW/Day 7/50.jpg,TOP VIEW,7,50
TOP VIEW/Day 7/51.jpg,TOP VIEW,7,51
TOP VIEW/Day 7/52.jpg,TOP VIEW,7,52
TOP VIEW/Day 7/53.jpg,TOP VIEW,7,53
TOP VIEW/Day 7/54.jpg,TOP VIEW,7,54
TOP VIEW/Day 7/55.jpg,TOP VIEW,7,55
TOP VIEW/Day 7/56.jpg,TOP VIEW,7,56
TOP VIEW/Day 7/57.jpg,TOP VIEW,7,57
TOP VIEW/Day 7/58.jpg,TOP VIEW,7,58
TOP VIEW/Day 7/59.jpg,TOP VIEW,7,59
TOP VIEW/Day 7/60.jpg,TOP VIEW,7,60
TOP VIEW/Day 7/61.jpg,TOP VIEW,7,61
TOP VIEW/Day 7/62.jpg,TOP VIEW,7,62
TOP VIEW/Day 7/63.jpg,TOP VIEW,7,63
TOP VIEW/Day 7/64.jpg,TOP VIEW,7,64
TOP VIEW/Day 7/65.jpg,TOP VIEW,7,65
TOP VIEW/Day 7/66.jpg,TOP VIEW,7,66
TOP VIEW/Day 7/67.jpg,TOP VIEW,7,67
TOP VIEW/Day 7/68.jpg,TOP VIEW,7,68
TOP VIEW/Day 7/69.jpg,TOP VIEW,7,69
TOP VIEW/Day 7/70.jpg,TOP VIEW,7,70
TOP VIEW/Day 7/71.jpg,TOP VIEW,7,71
TOP VIEW/Day 7/72.jpg,TOP VIEW,7,72
TOP VIEW/Day 7/73.jpg,TOP VIEW,7,73
TOP VIEW/Day 7/74.jpg,TOP VIEW,7,74
TOP VIEW/Day 7/75.jpg,TOP VIEW,7,75
TOP VIEW/Day 7/76.jpg,TOP VIEW,7,76
TOP VIEW/Day 7/77.jpg,TOP VIEW,7,77
TOP VIEW/Day 7/78.jpg,TOP VIEW,7,78
TOP VIEW/Day 7/79.jpg,TOP VIEW,7,79
TOP VIEW/Day 7/80.jpg,TOP VIEW,7,80
TOP VIEW/Day 7/81.jpg,TOP VIEW,7,81
TOP VIEW/Day 7/82.jpg,TOP VIEW,7,82
